{
    "event_nums": [
        500
    ],
    "loop_t_dRs": [
        0.5731044999993173
    ],
    "loop_t_fBs": [
        0.2172182500071358
    ],
    "loop_t_tots": [
        0.7903228330105776
    ]
}{
    "event_nums": [
        500
    ],
    "vect_t_dRs": [
        0.5731044999993173
    ],
    "vect_t_fBs": [
        0.2172182500071358
    ],
    "vect_t_tots": [
        0.7903228330105776
    ]
}